               epoch,      train/box_loss,      train/obj_loss,      train/cls_loss,   metrics/precision,      metrics/recall,     metrics/mAP_0.5,metrics/mAP_0.5:0.95,        val/box_loss,        val/obj_loss,        val/cls_loss,               x/lr0,               x/lr1,               x/lr2
                   0,            0.053222,             0.10395,                   0,                   0,                   0,                   0,                   0,            0.026503,             0.10941,                   0,              0.0919,              0.0009,              0.0009
                   1,            0.050995,            0.096971,                   0,                   0,                   0,                   0,                   0,            0.026278,             0.09763,                   0,            0.082273,            0.001273,            0.001273
                   2,            0.056572,            0.090449,                   0,                   0,                   0,                   0,                   0,            0.025573,            0.089747,                   0,            0.071986,            0.000986,            0.000986
